entry_time,exit_time,instrument,strategy,direction,entry_price,exit_price,stop_price,target_price,position_size,pnl,r_multiple,exit_reason,bars_held,fees
2024-01-04 11:30:00,2024-01-04 20:30:00,MES,Momentum,long,4987.43,4999.049285714286,4972.357142857143,5017.575714285714,1,53.0964285714299,0.7045303762676685,trailing_stop,9,5.0
2024-01-04 20:30:00,2024-01-05 22:30:00,MES,Momentum,long,5005.52,4992.578571428571,4992.578571428571,5031.402857142858,1,-69.70714285714621,-1.077271221989178,trailing_stop,26,5.0
2024-01-05 22:30:00,2024-01-06 01:30:00,MES,Momentum,short,4992.68,5004.325714285715,5004.325714285715,4969.388571428571,1,-63.22857142857174,-1.085868498527968,trailing_stop,3,5.0
2024-01-06 10:30:00,2024-01-06 15:30:00,MES,Momentum,short,4991.15,5002.67,5002.67,4968.11,1,-62.60000000000218,-1.0868055555555522,trailing_stop,5,5.0
2024-01-06 16:30:00,2024-01-06 21:30:00,MES,Momentum,long,5005.34,5008.504285714285,4994.951428571429,5026.117142857143,1,10.821428571425713,0.20833333333327497,trailing_stop,5,5.0
2024-01-06 21:30:00,2024-01-07 01:30:00,MES,Momentum,long,5007.76,4996.740000000001,4996.740000000001,5029.8,1,-60.099999999997635,-1.0907441016333976,trailing_stop,4,5.0
2024-01-07 08:30:00,2024-01-07 21:30:00,MES,Momentum,short,4989.63,4978.924999999999,5002.12,4964.65,1,48.525000000004184,0.7770216172939156,trailing_stop,13,5.0
2024-01-07 21:30:00,2024-01-08 01:30:00,MES,Momentum,short,4980.48,4992.044285714285,4992.044285714285,4957.351428571428,1,-62.82142857142844,-1.0864731315626932,trailing_stop,4,5.0
2024-01-08 03:30:00,2024-01-08 05:30:00,MES,Momentum,long,4999.56,5014.661428571429,4986.774285714286,5025.131428571429,1,70.50714285714093,1.1029050279328971,trailing_stop,2,5.0
2024-01-08 05:30:00,2024-01-08 12:30:00,MES,Momentum,long,5022.41,5040.0314285714285,5006.912857142857,5053.404285714286,1,83.10714285714312,1.0725479351032705,trailing_stop,7,5.0
2024-01-08 12:30:00,2024-01-08 17:30:00,MES,Momentum,long,5047.97,5032.092857142858,5032.092857142858,5079.7242857142855,1,-84.38571428571322,-1.0629836242576938,trailing_stop,5,5.0
2024-01-09 08:30:00,2024-01-09 09:30:00,MES,Momentum,long,5048.89,5055.289285714286,5038.85,5068.97,1,26.996428571428623,0.5377774615822455,trailing_stop,1,5.0
2024-01-09 09:30:00,2024-01-10 03:30:00,MES,Momentum,long,5060.72,5073.785,5049.858571428572,5082.442857142857,1,60.324999999998,1.1108115217677035,trailing_stop,18,5.0
2024-01-10 03:30:00,2024-01-10 06:30:00,MES,Momentum,long,5080.21,5067.36,5067.36,5105.91,1,-69.25000000000182,-1.0778210116731495,trailing_stop,3,5.0
2024-01-10 06:30:00,2024-01-10 13:30:00,MES,Momentum,long,5068.95,5081.132142857143,5054.362857142857,5098.124285714286,1,55.910714285714675,0.7665752619723973,trailing_stop,7,5.0
2024-01-11 02:30:00,2024-01-11 07:30:00,MES,Momentum,short,5064.27,5078.524285714287,5078.524285714287,5035.761428571429,1,-76.27142857143099,-1.070154339547001,trailing_stop,5,5.0
2024-01-11 07:30:00,2024-01-11 09:30:00,MES,Momentum,long,5080.83,5088.087857142857,5067.622857142856,5107.244285714286,1,31.289285714283324,0.473823688480201,trailing_stop,2,5.0
2024-01-11 09:30:00,2024-01-11 17:30:00,MES,Momentum,long,5095.69,5116.568571428572,5080.485714285714,5126.098571428572,1,99.39285714286143,1.3074321150051982,trailing_stop,8,5.0
2024-01-11 17:30:00,2024-01-12 03:30:00,MES,Momentum,long,5124.31,5141.595,5108.827142857143,5155.275714285715,1,81.42499999999927,1.0518084517438626,trailing_stop,10,5.0
2024-01-12 03:30:00,2024-01-12 18:30:00,MES,Momentum,long,5146.74,5161.419285714285,5131.164285714285,5177.891428571429,1,68.39642857142735,0.8782445198568845,trailing_stop,15,5.0
2024-01-13 13:30:00,2024-01-13 17:30:00,MES,Momentum,long,5184.59,5197.9914285714285,5169.037142857143,5215.6957142857145,1,62.007142857141844,0.7973730136860553,trailing_stop,4,5.0
2024-01-13 17:30:00,2024-01-14 05:30:00,MES,Momentum,long,5206.03,5221.365,5189.952857142857,5238.184285714286,1,71.67500000000018,0.8916385285232159,trailing_stop,12,5.0
2024-01-14 05:30:00,2024-01-14 10:30:00,MES,Momentum,long,5228.66,5247.262857142857,5214.070000000001,5257.839999999999,1,88.0142857142846,1.2065015176736011,trailing_stop,5,5.0
2024-01-14 10:30:00,2024-01-14 15:30:00,MES,Momentum,long,5254.49,5259.742142857143,5240.035714285715,5283.398571428571,1,21.260714285717768,0.2941786914410568,trailing_stop,5,5.0
2024-01-14 15:30:00,2024-01-15 04:30:00,MES,Momentum,long,5267.06,5252.424285714286,5252.424285714286,5296.331428571429,1,-78.17857142857065,-1.0683260126891174,trailing_stop,13,5.0
2024-01-15 18:30:00,2024-01-15 22:30:00,MES,Momentum,long,5271.28,5255.294285714285,5255.294285714285,5303.251428571428,1,-84.92857142857247,-1.062555853440571,trailing_stop,4,5.0
2024-01-15 23:30:00,2024-01-16 06:30:00,MES,Momentum,short,5246.92,5232.847857142857,5261.785714285715,5217.188571428572,1,65.36071428571631,0.8793484528156917,trailing_stop,7,5.0
2024-01-16 06:30:00,2024-01-16 19:30:00,MES,Momentum,short,5236.74,5204.0314285714285,5253.094285714285,5204.0314285714285,1,158.54285714285652,1.9388539482879104,target,13,5.0
2024-01-16 19:30:00,2024-01-17 09:30:00,MES,Momentum,short,5205.9,5193.772142857143,5220.908571428571,5175.882857142857,1,55.63928571428278,0.7414334665904777,trailing_stop,14,5.0
2024-01-17 09:30:00,2024-01-17 13:30:00,MES,Momentum,short,5188.17,5199.374285714285,5199.374285714285,5165.761428571429,1,-61.02142857142553,-1.0892515619023382,trailing_stop,4,5.0
2024-01-18 05:30:00,2024-01-18 10:30:00,MES,Momentum,long,5215.84,5200.238571428572,5200.238571428572,5247.0428571428565,1,-83.00714285714093,-1.0640966944419026,trailing_stop,5,5.0
2024-01-18 10:30:00,2024-01-18 14:30:00,MES,Momentum,short,5191.27,5181.365,5207.43,5158.950000000001,1,44.525000000003274,0.5510519801980653,trailing_stop,4,5.0
2024-01-18 14:30:00,2024-01-18 17:30:00,MES,Momentum,short,5172.5,5190.23,5190.23,5137.04,1,-93.64999999999782,-1.0564015792442203,trailing_stop,3,5.0
2024-01-18 22:30:00,2024-01-19 07:30:00,MES,Momentum,long,5215.49,5239.222142857143,5198.142857142857,5250.184285714286,1,113.66071428571558,1.3104257596969566,trailing_stop,9,5.0
2024-01-19 07:30:00,2024-01-20 07:30:00,MES,Momentum,long,5247.41,5231.034285714286,5231.034285714286,5280.161428571429,1,-86.87857142856956,-1.0610660385588429,trailing_stop,24,5.0
2024-01-20 08:30:00,2024-01-20 21:30:00,MES,Momentum,short,5225.03,5198.510714285714,5241.751428571428,5191.587142857144,1,127.59642857142808,1.526142674070949,trailing_stop,13,5.0
2024-01-20 21:30:00,2024-01-21 03:30:00,MES,Momentum,short,5191.67,5178.821428571429,5205.351428571428,5164.307142857144,1,59.24285714285361,0.8660332045525512,trailing_stop,6,5.0
2024-01-21 03:30:00,2024-01-21 09:30:00,MES,Momentum,short,5170.77,5160.348571428571,5186.872857142857,5138.564285714287,1,47.107142857148574,0.5850780695529535,trailing_stop,6,5.0
2024-01-21 09:30:00,2024-01-21 16:30:00,MES,Momentum,short,5162.43,5153.775,5179.68,5127.93,1,38.275000000003274,0.44376811594206694,trailing_stop,7,5.0
2024-01-23 17:30:00,2024-01-23 19:30:00,MES,Momentum,long,5142.65,5129.868571428571,5129.868571428571,5168.212857142857,1,-68.90714285714239,-1.0782385157035883,trailing_stop,2,5.0
2024-01-23 19:30:00,2024-01-24 15:30:00,MES,Momentum,short,5127.07,5131.11,5141.095714285714,5099.018571428571,1,-25.199999999999818,-0.35933998777754445,signal_reversal,20,5.0
2024-01-24 16:30:00,2024-01-25 06:30:00,MES,Momentum,long,5136.24,5161.96,5123.38,5161.96,1,123.60000000000127,1.9222395023328838,target,14,5.0
2024-01-25 06:30:00,2024-01-25 14:30:00,MES,Momentum,long,5160.86,5145.73,5145.73,5191.120000000001,1,-80.65000000000055,-1.0660938532716453,trailing_stop,8,5.0
2024-01-26 01:30:00,2024-01-26 02:30:00,MES,Momentum,long,5166.6,5172.228571428571,5151.992857142857,5195.814285714287,1,23.142857142852336,0.3168704156478503,trailing_stop,1,5.0
2024-01-26 02:30:00,2024-01-26 08:30:00,MES,Momentum,long,5180.03,5188.110714285714,5164.427142857143,5211.2357142857145,1,35.403571428569194,0.45380882622228147,trailing_stop,6,5.0
2024-01-26 08:30:00,2024-01-27 02:30:00,MES,Momentum,long,5183.77,5210.115714285715,5170.597142857143,5210.115714285715,1,126.72857142857083,1.9240863246935673,target,18,5.0
2024-01-27 02:30:00,2024-01-27 06:30:00,MES,Momentum,long,5211.42,5222.510714285714,5199.877142857143,5234.505714285714,1,50.453571428570285,0.874195544554414,trailing_stop,4,5.0
2024-01-27 06:30:00,2024-01-27 20:30:00,MES,Momentum,long,5229.48,5215.541428571428,5215.541428571428,5257.357142857142,1,-74.69285714285888,-1.0717433637388523,trailing_stop,14,5.0
2024-01-28 05:30:00,2024-01-28 18:30:00,MES,Momentum,short,5201.26,5217.537142857143,5217.537142857143,5168.705714285715,1,-86.38571428571595,-1.0614358434263635,trailing_stop,13,5.0
2024-01-28 20:30:00,2024-01-29 02:30:00,MES,Momentum,long,5219.85,5206.351428571429,5206.351428571429,5246.847142857143,1,-72.49285714285634,-1.0740819134299935,trailing_stop,6,5.0
2024-01-29 06:30:00,2024-01-29 14:30:00,MES,Momentum,long,5224.83,5240.041428571429,5210.328571428571,5253.8328571428565,1,71.05714285714384,0.9800019702492393,trailing_stop,8,5.0
2024-01-29 14:30:00,2024-01-30 00:30:00,MES,Momentum,long,5235.89,5246.636428571429,5220.651428571429,5266.367142857142,1,48.73214285714312,0.6395893878316496,trailing_stop,10,5.0
2024-01-30 00:30:00,2024-01-30 06:30:00,MES,Momentum,long,5252.84,5267.3321428571435,5240.432857142858,5277.654285714286,1,67.46071428571668,1.0874496257916741,trailing_stop,6,5.0
2024-01-30 06:30:00,2024-01-30 12:30:00,MES,Momentum,long,5273.76,5280.647857142857,5260.904285714286,5299.471428571429,1,29.43928571428387,0.457995332814725,trailing_stop,6,5.0
2024-01-30 12:30:00,2024-01-31 05:30:00,MES,Momentum,long,5287.73,5314.222857142858,5273.5657142857135,5316.058571428571,1,127.46428571429078,1.7997982854261507,trailing_stop,17,5.0
2024-01-31 05:30:00,2024-01-31 11:30:00,MES,Momentum,long,5321.52,5306.925714285715,5306.925714285715,5350.708571428572,1,-77.97142857142717,-1.0685199686765872,trailing_stop,6,5.0
2024-01-31 20:30:00,2024-02-01 03:30:00,MES,Momentum,short,5283.81,5267.043571428572,5295.6842857142865,5260.061428571429,1,78.83214285714075,1.3277791145331277,trailing_stop,7,5.0
2024-02-01 03:30:00,2024-02-01 06:30:00,MES,Momentum,short,5261.27,5253.887857142857,5272.817142857143,5238.175714285715,1,31.910714285718313,0.5527032042559221,trailing_stop,3,5.0
2024-02-01 06:30:00,2024-02-01 21:30:00,MES,Momentum,short,5247.49,5260.285714285714,5260.285714285714,5221.898571428571,1,-68.97857142856992,-1.0781511666852759,trailing_stop,15,5.0
2024-02-02 15:30:00,2024-02-02 21:30:00,MES,Momentum,long,5268.05,5289.15,5257.5,5289.15,2,200.99999999999454,1.9052132701420956,target,6,10.0
2024-02-02 21:30:00,2024-02-02 23:30:00,MES,Momentum,long,5288.15,5275.631428571429,5275.631428571429,5313.187142857142,1,-67.59285714285397,-1.0798813191829322,trailing_stop,2,5.0
2024-02-03 02:30:00,2024-02-03 08:30:00,MES,Momentum,short,5249.2,5240.530714285715,5265.055714285713,5217.488571428572,1,38.34642857142626,0.48369222452472754,trailing_stop,6,5.0
2024-02-03 08:30:00,2024-02-04 14:30:00,MES,Momentum,short,5231.29,5242.32,5249.771428571428,5194.327142857143,1,-60.14999999999873,-0.6509237071964094,signal_reversal,30,5.0
2024-02-04 17:30:00,2024-02-04 21:30:00,MES,Momentum,long,5244.26,5230.791428571429,5230.791428571429,5271.197142857142,1,-72.34285714285761,-1.0742469240560029,trailing_stop,4,5.0
2024-02-04 22:30:00,2024-02-05 07:30:00,MES,Momentum,long,5241.48,5243.688571428572,5226.917142857143,5270.6057142857135,1,6.042857142861067,0.08298999411423977,trailing_stop,9,5.0
2024-02-05 15:30:00,2024-02-06 11:30:00,MES,Momentum,short,5224.46,5205.503571428571,5241.891428571429,5189.597142857143,1,89.7821428571433,1.030118013440398,trailing_stop,20,5.0
2024-02-06 11:30:00,2024-02-06 13:30:00,MES,Momentum,short,5199.75,5197.861428571428,5211.257142857143,5176.7357142857145,1,4.442857142857974,0.07721911855991584,trailing_stop,2,5.0
2024-02-06 13:30:00,2024-02-06 18:30:00,MES,Momentum,short,5192.68,5190.082142857143,5203.042857142857,5171.954285714286,2,15.978571428577197,0.15419079128762123,trailing_stop,5,10.0
2024-02-06 18:30:00,2024-02-06 19:30:00,MES,Momentum,short,5184.9,5195.2642857142855,5195.2642857142855,5164.171428571428,2,-113.6428571428587,-1.0964851826326656,trailing_stop,1,10.0
2024-02-06 19:30:00,2024-02-06 22:30:00,MES,Momentum,short,5191.71,5202.925714285714,5202.925714285714,5169.278571428571,1,-61.078571428570285,-1.0891606164819787,trailing_stop,3,5.0
2024-02-07 14:30:00,2024-02-07 23:30:00,MES,Momentum,short,5189.11,5203.641428571428,5203.641428571428,5160.047142857143,1,-77.65714285714239,-1.068816358631538,trailing_stop,9,5.0
2024-02-08 04:30:00,2024-02-08 05:30:00,MES,Momentum,long,5205.31,5206.185714285714,5191.357142857143,5233.215714285714,1,-0.6214285714304424,-0.008907545817575618,trailing_stop,1,5.0
2024-02-08 05:30:00,2024-02-08 09:30:00,MES,Momentum,long,5213.73,5230.9349999999995,5198.641428571428,5243.907142857142,1,81.02499999999964,1.0739916682446469,trailing_stop,4,5.0
2024-02-08 09:30:00,2024-02-08 16:30:00,MES,Momentum,long,5238.78,5239.9228571428575,5223.09,5270.16,1,0.7142857142889625,0.009104980424333725,trailing_stop,7,5.0
2024-02-08 16:30:00,2024-02-09 02:30:00,MES,Momentum,long,5241.32,5223.274285714286,5223.274285714286,5277.411428571429,1,-95.22857142856992,-1.0554148195060173,trailing_stop,10,5.0
2024-02-09 14:30:00,2024-02-09 19:30:00,MES,Momentum,long,5250.67,5239.015714285714,5239.015714285714,5273.978571428572,1,-63.27142857142917,-1.0858053444471676,trailing_stop,5,5.0
2024-02-10 04:30:00,2024-02-10 22:30:00,MES,Momentum,short,5233.05,5222.1449999999995,5245.8042857142855,5207.541428571429,1,49.525000000003274,0.7766017025090378,trailing_stop,18,5.0
2024-02-10 22:30:00,2024-02-11 06:30:00,MES,Momentum,short,5216.07,5228.219999999999,5228.219999999999,5191.7699999999995,1,-65.74999999999818,-1.0823045267489737,trailing_stop,8,5.0
2024-02-11 10:30:00,2024-02-11 12:30:00,MES,Momentum,long,5240.73,5244.232142857143,5227.504285714285,5267.181428571428,1,12.510714285717768,0.18918772953126906,trailing_stop,2,5.0
2024-02-11 12:30:00,2024-02-12 03:30:00,MES,Momentum,long,5251.8,5236.664285714286,5236.664285714286,5282.071428571428,1,-80.67857142857065,-1.0660689004247292,trailing_stop,15,5.0
2024-02-12 04:30:00,2024-02-12 13:30:00,MES,Momentum,short,5229.16,5243.187142857143,5243.187142857143,5201.105714285714,1,-75.13571428571595,-1.0712903554333417,trailing_stop,9,5.0
2024-02-12 14:30:00,2024-02-13 10:30:00,MES,Momentum,long,5251.17,5236.352857142857,5236.352857142857,5280.804285714286,1,-79.08571428571577,-1.0674893945237163,trailing_stop,20,5.0
2024-02-13 10:30:00,2024-02-13 12:30:00,MES,Momentum,short,5236.81,5227.109285714286,5249.841428571429,5210.747142857143,1,43.503571428573196,0.6676715632537044,trailing_stop,2,5.0
2024-02-13 12:30:00,2024-02-13 13:30:00,MES,Momentum,short,5220.04,5212.982142857143,5234.178571428572,5191.762857142858,1,30.289285714284233,0.4284631706577491,trailing_stop,1,5.0
2024-02-13 13:30:00,2024-02-13 18:30:00,MES,Momentum,short,5204.85,5221.114285714286,5221.114285714286,5172.321428571429,1,-86.32142857142753,-1.0614844093104971,trailing_stop,5,5.0
2024-02-13 18:30:00,2024-02-14 10:30:00,MES,Momentum,short,5220.02,5190.355714285714,5235.391428571429,5189.277142857143,1,143.32142857143026,1.864776951672878,trailing_stop,16,5.0
2024-02-14 10:30:00,2024-02-14 19:30:00,MES,Momentum,short,5185.26,5181.057142857143,5195.451428571429,5164.877142857143,2,32.02857142857283,0.3142696944211033,trailing_stop,9,10.0
2024-02-14 19:30:00,2024-02-14 23:30:00,MES,Momentum,short,5179.97,5191.4228571428575,5191.4228571428575,5157.064285714286,1,-62.264285714286416,-1.087314456779343,trailing_stop,4,5.0
2024-02-15 05:30:00,2024-02-16 01:30:00,MES,Momentum,long,5212.79,5226.6335714285715,5198.294285714285,5241.7814285714285,1,64.21785714285761,0.8860254262343353,trailing_stop,20,5.0
2024-02-16 01:30:00,2024-02-16 02:30:00,MES,Momentum,long,5233.83,5219.437142857143,5219.437142857143,5262.615714285715,1,-76.96428571428442,-1.069478908188587,trailing_stop,1,5.0
2024-02-16 02:30:00,2024-02-16 06:30:00,MES,Momentum,long,5222.8,5206.907142857143,5206.907142857143,5254.585714285715,1,-84.46428571428442,-1.0629213483146078,trailing_stop,4,5.0
2024-02-16 08:30:00,2024-02-16 10:30:00,MES,Momentum,short,5201.87,5191.602857142858,5218.714285714285,5168.181428571428,1,46.33571428571031,0.5501653803748241,trailing_stop,2,5.0
2024-02-16 10:30:00,2024-02-17 03:30:00,MES,Momentum,short,5182.68,5200.5257142857145,5200.5257142857145,5146.988571428572,1,-94.22857142857083,-1.05603586295229,trailing_stop,17,5.0
2024-02-17 04:30:00,2024-02-17 07:30:00,MES,Momentum,long,5204.71,5210.102857142857,5192.111428571428,5229.907142857143,1,21.964285714284415,0.3486789885474281,trailing_stop,3,5.0
2024-02-17 07:30:00,2024-02-17 11:30:00,MES,Momentum,long,5217.05,5203.155714285715,5203.155714285715,5244.838571428571,1,-74.47142857142808,-1.0719720337240393,trailing_stop,4,5.0
2024-02-17 14:30:00,2024-02-18 07:30:00,MES,Momentum,short,5185.88,5196.75,5200.958571428571,5155.722857142857,1,-59.349999999999454,-0.7872098531501708,signal_reversal,17,5.0
2024-02-18 08:30:00,2024-02-18 15:30:00,MES,Momentum,long,5201.01,5189.248571428571,5189.248571428571,5224.532857142857,1,-63.807142857144754,-1.0850236851694373,trailing_stop,7,5.0
2024-02-18 23:30:00,2024-02-19 01:30:00,MES,Momentum,long,5205.03,5213.841428571429,5192.302857142857,5230.484285714285,1,39.057142857145664,0.6137613649119237,trailing_stop,2,5.0
2024-02-19 01:30:00,2024-02-19 06:30:00,MES,Momentum,long,5220.92,5206.762857142858,5206.762857142858,5249.234285714286,1,-75.78571428571195,-1.0706357214934432,trailing_stop,5,5.0
2024-02-19 09:30:00,2024-02-19 14:30:00,MES,Momentum,long,5215.19,5221.507857142858,5200.154285714285,5245.261428571428,1,26.589285714289872,0.35368171021382283,trailing_stop,5,5.0
2024-02-19 14:30:00,2024-02-20 05:30:00,MES,Momentum,long,5220.57,5205.144285714286,5205.144285714286,5251.421428571429,1,-82.12857142857047,-1.064826819781442,trailing_stop,15,5.0
2024-02-20 05:30:00,2024-02-20 15:30:00,MES,Momentum,short,5206.75,5195.975,5218.934285714286,5182.381428571428,1,48.87499999999818,0.8022628678625655,trailing_stop,10,5.0
2024-02-20 15:30:00,2024-02-21 01:30:00,MES,Momentum,short,5187.89,5182.802142857143,5204.06,5155.55,1,20.439285714287507,0.2528050181111616,trailing_stop,10,5.0
2024-02-21 01:30:00,2024-02-21 08:30:00,MES,Momentum,short,5174.34,5191.2642857142855,5191.2642857142855,5140.4914285714285,1,-89.6214285714268,-1.0590866886131522,trailing_stop,7,5.0
2024-02-22 01:30:00,2024-02-22 03:30:00,MES,Momentum,long,5204.0,5210.787142857143,5193.615714285715,5224.768571428572,1,28.93571428571704,0.5572981152841532,trailing_stop,2,5.0
2024-02-22 03:30:00,2024-02-22 13:30:00,MES,Momentum,long,5216.55,5216.55,5205.024285714286,5239.601428571429,1,-5.0,-0.08676251859196697,trailing_stop,10,5.0
2024-02-22 13:30:00,2024-02-22 17:30:00,MES,Momentum,long,5222.16,5207.177142857143,5207.177142857143,5252.125714285715,1,-79.91428571428514,-1.0667429443173155,trailing_stop,4,5.0
2024-02-22 21:30:00,2024-02-23 08:30:00,MES,Momentum,long,5237.41,5243.993571428571,5220.095714285714,5272.038571428571,1,27.91785714285652,0.32248349834982826,trailing_stop,11,5.0
2024-02-23 08:30:00,2024-02-23 11:30:00,MES,Momentum,long,5243.92,5230.4857142857145,5230.4857142857145,5270.788571428571,1,-72.1714285714279,-1.0744364100382824,trailing_stop,3,5.0
2024-02-23 16:30:00,2024-02-24 00:30:00,MES,Momentum,short,5217.32,5207.945000000001,5231.131428571428,5189.697142857142,1,41.87499999999545,0.6063818783615548,trailing_stop,8,5.0
2024-02-24 00:30:00,2024-02-24 02:30:00,MES,Momentum,short,5201.68,5193.545,5214.21,5176.620000000001,1,35.67500000000109,0.5694333599361823,trailing_stop,2,5.0
2024-02-24 02:30:00,2024-02-24 09:30:00,MES,Momentum,short,5186.85,5200.240000000001,5200.240000000001,5160.070000000001,1,-71.95000000000164,-1.0746825989544417,trailing_stop,7,5.0
2024-02-25 05:30:00,2024-02-25 06:30:00,MES,Momentum,long,5215.97,5216.7642857142855,5203.298571428571,5241.312857142857,1,-1.0285714285737413,-0.01623449830894263,trailing_stop,1,5.0
2024-02-25 06:30:00,2024-02-25 16:30:00,MES,Momentum,long,5223.87,5229.425,5209.658571428571,5252.2928571428565,1,22.775000000001455,0.3205166867712263,trailing_stop,10,5.0
2024-02-25 16:30:00,2024-02-26 07:30:00,MES,Momentum,long,5238.7,5253.157142857142,5220.15,5275.799999999999,1,67.28571428571286,0.7254524451289724,trailing_stop,15,5.0
2024-02-27 04:30:00,2024-02-27 15:30:00,MES,Momentum,short,5240.54,5223.665714285714,5254.447142857143,5212.725714285714,1,79.37142857143044,1.1414483821263388,trailing_stop,11,5.0
2024-02-27 15:30:00,2024-02-28 02:30:00,MES,Momentum,short,5217.48,5214.382142857144,5229.851428571428,5192.737142857142,1,10.489285714279504,0.16957274826779728,trailing_stop,11,5.0
2024-02-28 02:30:00,2024-02-28 09:30:00,MES,Momentum,short,5207.06,5221.704285714286,5221.704285714286,5177.771428571429,1,-78.22142857142808,-1.0682860208760125,trailing_stop,7,5.0
2024-02-28 14:30:00,2024-02-29 04:30:00,MES,Momentum,long,5232.27,5240.313571428571,5218.062857142858,5260.6842857142865,1,35.217857142852154,0.4957767722473002,trailing_stop,14,5.0
2024-02-29 04:30:00,2024-02-29 06:30:00,MES,Momentum,long,5245.2,5235.427142857143,5235.427142857143,5264.745714285714,2,-107.72857142856992,-1.1023242216050302,trailing_stop,2,10.0
2024-02-29 07:30:00,2024-02-29 09:30:00,MES,Momentum,long,5236.57,5225.314285714286,5225.314285714286,5259.081428571428,1,-61.2785714285701,-1.0888437618987201,trailing_stop,2,5.0
2024-02-29 11:30:00,2024-02-29 17:30:00,MES,Momentum,short,5219.46,5198.539285714285,5232.585714285714,5193.208571428571,1,99.60357142857447,1.5176861123205074,trailing_stop,6,5.0
2024-02-29 17:30:00,2024-03-01 00:30:00,MES,Momentum,short,5190.61,5206.468571428571,5206.468571428571,5158.892857142857,1,-84.2928571428547,-1.0630573822178202,trailing_stop,7,5.0
2024-03-01 11:30:00,2024-03-01 20:30:00,MES,Momentum,short,5193.14,5192.51,5206.5028571428575,5166.414285714286,1,-1.8499999999994543,-0.02768868933075943,trailing_stop,9,5.0
2024-03-02 09:30:00,2024-03-02 14:30:00,MES,Momentum,short,5183.56,5196.158571428572,5196.158571428572,5158.362857142858,1,-67.99285714285816,-1.0793740786937283,trailing_stop,5,5.0
2024-03-02 16:30:00,2024-03-03 04:30:00,MES,Momentum,long,5200.82,5208.441428571428,5188.102857142857,5226.254285714285,1,33.10714285714312,0.520669512469115,trailing_stop,12,5.0
2024-03-03 04:30:00,2024-03-03 06:30:00,MES,Momentum,long,5213.9,5221.212142857143,5202.982857142856,5235.734285714286,1,31.56071428571522,0.5781863386547846,trailing_stop,2,5.0
2024-03-03 06:30:00,2024-03-03 12:30:00,MES,Momentum,long,5226.69,5215.734285714285,5215.734285714285,5248.601428571429,1,-59.77857142857374,-1.0912765680010392,trailing_stop,6,5.0
2024-03-03 12:30:00,2024-03-03 14:30:00,MES,Momentum,long,5216.4,5223.020714285714,5205.698571428571,5237.802857142858,1,28.10357142857356,0.5252302763316388,trailing_stop,2,5.0
2024-03-03 14:30:00,2024-03-04 03:30:00,MES,Momentum,long,5229.26,5216.7814285714285,5216.7814285714285,5254.217142857144,1,-67.3928571428587,-1.0801373783629058,trailing_stop,13,5.0
2024-03-04 07:30:00,2024-03-04 16:30:00,MES,Momentum,short,5211.45,5198.994285714286,5227.652857142857,5179.044285714285,1,57.278571428569194,0.7070181625815216,trailing_stop,9,5.0
2024-03-04 16:30:00,2024-03-04 18:30:00,MES,Momentum,short,5191.93,5191.93,5206.058571428572,5163.672857142857,1,-5.0,-0.07077856420626921,trailing_stop,2,5.0
2024-03-04 18:30:00,2024-03-05 01:30:00,MES,Momentum,short,5184.51,5200.414285714286,5200.414285714286,5152.701428571429,1,-84.52142857142917,-1.062876134015988,trailing_stop,7,5.0
2024-03-05 07:30:00,2024-03-05 16:30:00,MES,Momentum,short,5177.32,5192.085714285714,5192.085714285714,5147.788571428571,1,-78.8285714285712,-1.0677244582043346,trailing_stop,9,5.0
2024-03-06 01:30:00,2024-03-06 14:30:00,MES,Momentum,long,5197.81,5183.852857142858,5183.852857142858,5225.7242857142855,1,-74.78571428571286,-1.071647901740022,trailing_stop,13,5.0
2024-03-06 14:30:00,2024-03-06 22:30:00,MES,Momentum,short,5180.24,5192.778571428571,5192.778571428571,5155.162857142857,1,-67.69285714285616,-1.079753902244504,trailing_stop,8,5.0
2024-03-06 23:30:00,2024-03-07 16:30:00,MES,Momentum,long,5200.11,5187.76,5184.017142857143,5232.295714285714,1,-66.74999999999727,-0.8295605858854749,signal_reversal,17,5.0
2024-03-08 02:30:00,2024-03-08 07:30:00,MES,Momentum,short,5185.2,5183.717142857143,5196.7757142857145,5162.048571428571,1,2.4142857142851426,0.04171294582252371,trailing_stop,5,5.0
2024-03-08 08:30:00,2024-03-08 10:30:00,MES,Momentum,short,5180.33,5175.9685714285715,5193.047142857143,5154.895714285714,1,16.807142857142026,0.26432262412939744,trailing_stop,2,5.0
2024-03-08 10:30:00,2024-03-08 17:30:00,MES,Momentum,short,5168.91,5183.027142857142,5183.027142857142,5140.675714285714,1,-75.58571428571213,-1.070835863185592,trailing_stop,7,5.0
2024-03-09 02:30:00,2024-03-09 12:30:00,MES,Momentum,long,5191.43,5198.415714285715,5179.205714285715,5215.878571428572,1,29.928571428572468,0.48965759027699013,trailing_stop,10,5.0
2024-03-09 12:30:00,2024-03-09 14:30:00,MES,Momentum,long,5202.51,5211.109285714286,5193.271428571429,5220.987142857143,2,75.99285714285543,0.8225606927478117,trailing_stop,2,10.0
2024-03-09 14:30:00,2024-03-09 17:30:00,MES,Momentum,long,5216.54,5226.048571428571,5205.678571428572,5238.262857142857,1,42.54285714285743,0.7833749835591387,trailing_stop,3,5.0
2024-03-09 17:30:00,2024-03-10 07:30:00,MES,Momentum,long,5231.81,5243.566428571428,5220.287142857143,5254.855714285714,1,53.78214285713966,0.9334862385320668,trailing_stop,14,5.0
2024-03-10 07:30:00,2024-03-10 13:30:00,MES,Momentum,long,5245.11,5248.442142857143,5234.252857142857,5266.824285714285,1,11.660714285717404,0.21480263157899968,trailing_stop,6,5.0
2024-03-11 09:30:00,2024-03-11 22:30:00,MES,Momentum,short,5230.79,5242.88,5243.81,5204.75,1,-65.45000000000073,-1.005376344085999,signal_reversal,13,5.0
2024-03-11 22:30:00,2024-03-12 06:30:00,MES,Momentum,long,5242.88,5242.88,5230.861428571428,5266.917142857143,1,-5.0,-0.08320456436467182,trailing_stop,8,5.0
2024-03-12 09:30:00,2024-03-12 12:30:00,MES,Momentum,long,5251.2,5257.16,5236.632857142858,5280.334285714285,1,24.800000000000182,0.34049230165736705,trailing_stop,3,5.0
2024-03-12 12:30:00,2024-03-12 16:30:00,MES,Momentum,long,5263.69,5250.63,5250.63,5289.8099999999995,1,-70.29999999999745,-1.0765696784073537,trailing_stop,4,5.0
2024-03-13 03:30:00,2024-03-13 09:30:00,MES,Momentum,long,5264.43,5274.859285714286,5251.271428571429,5290.7471428571425,1,47.14642857142735,0.7165888611442821,trailing_stop,6,5.0
2024-03-13 09:30:00,2024-03-13 19:30:00,MES,Momentum,long,5271.67,5280.385,5257.958571428572,5299.092857142857,1,38.57500000000073,0.5626693061054785,trailing_stop,10,5.0
2024-03-13 19:30:00,2024-03-13 21:30:00,MES,Momentum,long,5285.27,5275.5,5275.5,5304.81,1,-53.85000000000218,-1.1023541453428818,trailing_stop,2,5.0
2024-03-14 01:30:00,2024-03-14 02:30:00,MES,Momentum,short,5260.27,5271.454285714286,5271.454285714286,5237.901428571428,1,-60.921428571427896,-1.0894111636224304,trailing_stop,1,5.0
2024-03-14 07:30:00,2024-03-14 11:30:00,MES,Momentum,long,5284.58,5295.037857142856,5270.515714285714,5312.708571428572,1,47.289285714282414,0.672473336719101,trailing_stop,4,5.0
2024-03-14 11:30:00,2024-03-14 13:30:00,MES,Momentum,long,5301.94,5308.3435714285715,5288.135714285713,5329.548571428571,1,27.01785714285961,0.39144158128947154,trailing_stop,2,5.0
2024-03-14 13:30:00,2024-03-14 23:30:00,MES,Momentum,long,5315.67,5326.265714285714,5301.017142857143,5344.975714285715,1,47.97857142857083,0.6548698449839071,trailing_stop,10,5.0
2024-03-14 23:30:00,2024-03-15 11:30:00,MES,Momentum,long,5333.36,5344.005,5319.171428571428,5361.737142857142,1,48.22500000000218,0.679772452678226,trailing_stop,12,5.0
2024-03-15 11:30:00,2024-03-16 00:30:00,MES,Momentum,long,5342.35,5344.564285714286,5329.374285714286,5368.301428571429,1,6.0714285714266225,0.09358141583174368,trailing_stop,13,5.0
2024-03-16 16:30:00,2024-03-17 05:30:00,MES,Momentum,short,5336.49,5350.15,5350.15,5309.17,1,-73.29999999999927,-1.0732064421669114,trailing_stop,13,5.0
2024-03-17 05:30:00,2024-03-17 10:30:00,MES,Momentum,long,5353.88,5363.737142857143,5338.965714285715,5383.708571428571,1,44.285714285715585,0.5938697318008065,trailing_stop,5,5.0
2024-03-17 10:30:00,2024-03-17 21:30:00,MES,Momentum,long,5370.81,5356.664285714286,5356.664285714286,5399.101428571428,1,-75.72857142857174,-1.0706927893354874,trailing_stop,11,5.0
2024-03-18 00:30:00,2024-03-18 19:30:00,MES,Momentum,short,5346.6,5358.598571428572,5358.598571428572,5322.602857142858,1,-64.99285714285634,-1.0833432551494238,trailing_stop,19,5.0
2024-03-18 23:30:00,2024-03-19 03:30:00,MES,Momentum,short,5340.69,5337.773571428572,5352.178571428572,5317.712857142856,1,9.582142857138933,0.16681173837346291,trailing_stop,4,5.0
2024-03-19 03:30:00,2024-03-19 10:30:00,MES,Momentum,short,5337.05,5324.652142857143,5348.978571428572,5313.192857142856,1,56.98928571428496,0.9555089820359051,trailing_stop,7,5.0
2024-03-19 10:30:00,2024-03-19 14:30:00,MES,Momentum,short,5318.16,5303.1849999999995,5331.144285714286,5292.191428571428,1,69.87500000000182,1.0763010232148993,trailing_stop,4,5.0
2024-03-19 14:30:00,2024-03-20 01:30:00,MES,Momentum,short,5296.04,5288.067142857143,5310.33,5267.46,1,34.86428571428405,0.4879536139158032,trailing_stop,11,5.0
2024-03-20 01:30:00,2024-03-20 02:30:00,MES,Momentum,short,5281.54,5271.606428571428,5294.594285714285,5255.431428571429,1,44.66785714285834,0.6843401181878184,trailing_stop,1,5.0
2024-03-20 02:30:00,2024-03-20 07:30:00,MES,Momentum,short,5263.95,5253.794285714286,5279.262857142857,5233.324285714286,1,45.778571428568284,0.5979102528220579,trailing_stop,5,5.0
2024-03-20 07:30:00,2024-03-20 11:30:00,MES,Momentum,short,5246.06,5261.528571428572,5261.528571428572,5215.122857142857,1,-82.34285714285761,-1.0646472109346137,trailing_stop,4,5.0
2024-03-21 12:30:00,2024-03-21 15:30:00,MES,Momentum,short,5234.65,5227.894285714286,5245.652857142857,5212.644285714286,1,28.778571428570103,0.5231108802907941,trailing_stop,3,5.0
2024-03-21 15:30:00,2024-03-21 16:30:00,MES,Momentum,short,5222.46,5216.649285714286,5233.328571428571,5200.722857142857,1,24.05357142857156,0.4426261829653131,trailing_stop,1,5.0
2024-03-21 16:30:00,2024-03-21 17:30:00,MES,Momentum,short,5210.75,5206.229285714286,5222.548571428571,5187.152857142857,1,17.60357142857174,0.29840174355249294,trailing_stop,1,5.0
2024-03-21 17:30:00,2024-03-21 22:30:00,MES,Momentum,short,5199.67,5199.67,5212.788571428571,5173.432857142858,1,-5.0,-0.07622781226178965,trailing_stop,5,5.0
2024-03-21 22:30:00,2024-03-22 16:30:00,MES,Momentum,short,5206.29,5221.54,5221.54,5175.79,1,-81.25,-1.0655737704918034,trailing_stop,18,5.0
2024-03-22 19:30:00,2024-03-22 20:30:00,MES,Momentum,long,5228.61,5216.972857142857,5216.972857142857,5251.884285714285,1,-63.18571428571431,-1.0859317456420328,trailing_stop,1,5.0
2024-03-23 02:30:00,2024-03-23 07:30:00,MES,Momentum,long,5227.93,5233.730714285714,5214.634285714286,5254.521428571428,1,24.003571428570467,0.361072311163634,trailing_stop,5,5.0
2024-03-23 07:30:00,2024-03-23 11:30:00,MES,Momentum,long,5241.22,5226.241428571429,5226.241428571429,5271.177142857142,1,-79.89285714285415,-1.0667620410109706,trailing_stop,4,5.0
2024-03-23 18:30:00,2024-03-24 01:30:00,MES,Momentum,short,5216.46,5208.8378571428575,5229.837142857143,5189.705714285715,1,33.110714285712675,0.49503417343014183,trailing_stop,7,5.0
2024-03-24 01:30:00,2024-03-24 03:30:00,MES,Momentum,short,5210.54,5201.574285714286,5223.972857142857,5183.674285714286,1,39.828571428570285,0.5930022333297844,trailing_stop,2,5.0
2024-03-24 03:30:00,2024-03-24 13:30:00,MES,Momentum,short,5194.56,5208.588571428571,5208.588571428571,5166.5028571428575,1,-75.14285714285506,-1.0712830957230164,trailing_stop,10,5.0
2024-03-24 18:30:00,2024-03-25 00:30:00,MES,Momentum,long,5224.98,5212.982857142857,5212.982857142857,5248.9742857142855,1,-64.98571428571267,-1.0833531793284137,trailing_stop,6,5.0
2024-03-25 13:30:00,2024-03-25 16:30:00,MES,Momentum,short,5205.81,5208.15,5218.234285714286,5180.961428571429,1,-16.69999999999618,-0.2688283316085468,end_of_data,3,5.0
